{"name":"Local Assets","assets":{"com_docman":{"name":"com_docman","css":["css\/extras\/com_docman.css"]},"com_easyblog":{"name":"com_easyblog","css":["css\/extras\/com_easyblog.css"]},"com_easydiscuss":{"name":"com_easydiscuss","css":["css\/extras\/com_easydiscuss.css"]},"com_virtuemart":{"name":"com_virtuemart","css":["css\/extras\/com_virtuemart.css"]},"com_kunena":{"name":"com_kunena","css":["css\/extras\/com_kunena.css"]},"com_jomsocial":{"name":"com_jomsocial","css":["css\/extras\/com_jomsocial.css"]}}}